image_id,name,alpha95_coverage,depth_coverage,native_psnr_gt_valid_db,straight_psnr_gt_valid_db,straight_psnr_covered_db,native_ssim_gt_valid,straight_ssim_covered,ssim_covered_window_fraction,depth_mae_mm,depth_rmse_mm,depth_absrel,depth_eval_coverage
3001,003001.png,0.7598375451263538,0.995932987364621,21.71865473338346,22.445512794569595,21.597781286171443,0.7491856217384338,0.7732663750648499,0.36984854467509026,35.24065279753151,102.75546700269607,0.01605064600221593,0.9944875338447653
3004,003004.png,0.8948513650722022,0.9989437612815885,17.590842289308327,17.699367558441438,17.301215339490913,0.7405354976654053,0.7534140348434448,0.6769051782490975,61.971878919702746,190.69281346100425,0.02309003479557462,0.9725081791516246
3007,003007.png,0.862662172833935,0.9963687387184116,20.828560645823913,21.147651793290013,20.737085938724658,0.7661849856376648,0.7870595455169678,0.6049582581227437,56.323760530231624,154.49639258571162,0.024093751820635712,0.9514948104693141
3010,003010.png,0.43039259927797835,0.9904021886281589,23.215530235723985,29.430764971736686,27.428346490781223,0.8111786246299744,0.9128184914588928,0.11835373420577618,8.132866495613076,21.66864394459225,0.00718053009715725,0.9904021886281589
3013,003013.png,0.449316053700361,0.9926514553249097,24.43904593249656,34.232050456451645,31.211345993933193,0.8331756591796875,0.9005606770515442,0.11739620938628159,10.825184789511146,33.50193128603216,0.008696891406574508,0.9926514553249097
3016,003016.png,0.5125070509927798,0.9888058438628159,22.428628679696914,25.96702350615644,23.776591761719846,0.7159904837608337,0.7741091251373291,0.22701094314079423,21.38713344039065,57.27465267013113,0.01447105130406752,0.9888058438628159
3019,003019.png,0.650651511732852,0.994563684566787,23.98107975964299,27.1772525295049,25.761436683685584,0.7731291055679321,0.8169439435005188,0.22325699458483755,22.02255079820684,57.368620758131065,0.011709084556716185,0.9934200135379061
3022,003022.png,0.8232499435920577,0.9985968524368231,19.48996797665544,19.845087848460462,19.055990609707415,0.7615898847579956,0.771018922328949,0.5657589688628158,53.944871534075816,170.35266099344466,0.020922818919947895,0.9982682761732852
3025,003025.png,0.8236067238267148,0.99459752933213,20.366007582260917,20.897774391749635,20.273559337043366,0.7535378336906433,0.7793582677841187,0.5336064417870036,58.77808932323963,162.61120170032032,0.022930148586554705,0.9334569607400722
3028,003028.png,0.6401610446750903,0.9939826827617328,22.09209319078009,22.685665912659854,22.3273782158844,0.8306007385253906,0.843300998210907,0.3437923059566787,15.903171299547564,28.861888986052502,0.01310563195961713,0.9939826827617328
3031,003031.png,0.32578407039711194,0.9869063064079422,22.432789557085663,27.19067419266191,26.73021408669822,0.8169944882392883,0.8006150126457214,0.05403598826714801,4.608053326855615,10.991161249465472,0.005387706836686942,0.9869063064079422
3034,003034.png,0.6244697653429603,0.9945368907942238,25.574953141396414,30.00574147501457,28.622605051786717,0.8333122134208679,0.8925529718399048,0.26424582581227435,23.037567033347234,53.09475823088815,0.014464947206865239,0.9945368907942238
3037,003037.png,0.6738577391696751,0.9946694494584838,23.423750912680134,26.024365624060867,24.629104444894804,0.7608011960983276,0.8479659557342529,0.30245374548736464,26.467934880565647,90.7557781648097,0.014382504891024626,0.9936442351083032
3040,003040.png,0.8641978790613718,0.998340196299639,19.8241964971019,20.05006179454157,19.521137582100167,0.76362544298172,0.7939207553863525,0.6417545690433213,55.29507923387241,170.6682745088829,0.022594577539431112,0.9980186710288809
3043,003043.png,0.8528824458483755,0.996547833935018,20.138414341358285,20.44366391370911,19.946042477808962,0.7535126805305481,0.7795770764350891,0.5799089011732852,57.2782063804034,153.56691173707733,0.023302903075596782,0.9413695848375452
3046,003046.png,0.7272943930505416,0.996220667870036,22.043243292570097,22.39174387528882,21.876371844794416,0.8327868580818176,0.8229215741157532,0.4632318930505415,26.760212385754443,65.62125565389833,0.017182885043718833,0.9911890794223827
3049,003049.png,0.4108486574909747,0.9895856836642599,21.46719408312704,21.987293277569805,21.275819924130897,0.8332421779632568,0.8024466037750244,0.13003299864620937,6.284248327360044,16.18967289631486,0.007062328228848526,0.9895856836642599
3052,003052.png,0.6844962770758123,0.9962954083935018,24.654805087490736,26.865094631150697,25.869150279622808,0.8538968563079834,0.9154746532440186,0.30706509476534294,23.245635837863937,46.54997049109966,0.014904607324645202,0.9962954083935018
3055,003055.png,0.6663921480144405,0.9938910198555957,23.986745164671767,27.104399245340147,25.72975832019887,0.7645754814147949,0.865742027759552,0.32700389214801445,26.434102774044955,95.98805978125978,0.013937182600539198,0.993782434566787
3058,003058.png,0.8222867779783394,0.998241482400722,22.358604521165667,22.90409319264656,22.23715429201761,0.7624140977859497,0.786940336227417,0.551174695397112,54.72366240053583,165.75036151216077,0.02206033922621327,0.9979509814981949
3061,003061.png,0.8337390004512636,0.9957285085740072,21.009899581495205,21.517944096560228,21.000097499824495,0.7495151162147522,0.7779875993728638,0.5751706340252708,54.9888104988803,143.7089614734408,0.023493654331682094,0.9376537116425993
3064,003064.png,0.7520983754512636,0.993098488267148,19.99224406751963,20.09147015607493,20.833540596223934,0.7636391520500183,0.7662704586982727,0.48170126353790615,31.23638675485984,70.11776205025197,0.020738936846678237,0.9770885040613718
3067,003067.png,0.3490438853790614,0.9894108190433213,20.837126776586974,21.043867749768644,21.3419324826331,0.841692328453064,0.8238585591316223,0.06063571750902527,5.205196326739458,14.303416683180613,0.006062168975314377,0.9894108190433213
3070,003070.png,0.7201080212093863,0.9967269291516245,23.265805174448836,24.04282843454968,23.53079927919408,0.8284770846366882,0.8544781804084778,0.416667136732852,27.279195358227728,60.27790553916341,0.017884252798776003,0.9967269291516245
3073,003073.png,0.7405700022563176,0.9949585401624549,23.675210165038468,25.783720838245134,24.706059922142526,0.7636452913284302,0.8454774022102356,0.45268078745487367,34.508559749462435,116.34296262162783,0.01775008137997047,0.9942520306859206
3076,003076.png,0.8563233303249097,0.9988506881768953,21.002319737526662,21.30640508829722,20.74867898527109,0.7571607232093811,0.7847201228141785,0.6024015681407943,59.87200768247648,172.29517378162026,0.024281944893313766,0.9985686484657039
3079,003079.png,0.8412624097472924,0.9949317463898917,20.99632031922626,21.535862418199684,21.117430361043112,0.7445428967475891,0.7877549529075623,0.5897549074909747,58.22294524875646,147.61325415389962,0.026863444726805834,0.9262282829422382
3082,003082.png,0.7236885153429603,0.9910438289711191,22.36626060651101,24.40756247059857,23.945586354017237,0.7771229147911072,0.7819555997848511,0.4101943253610108,30.095036938814175,69.14175757776965,0.018225142947212652,0.9677769629963899
3085,003085.png,0.42375197427797834,0.9867046480144405,19.348692374950474,20.205532206506447,20.049365873227458,0.7906156182289124,0.8212839961051941,0.13967593637184114,6.641053492107956,16.06681397403947,0.007024079185316296,0.9867046480144405
3088,003088.png,0.7341437274368231,0.9974799751805055,23.595522796718008,24.154310685736778,23.912271520797745,0.8458731770515442,0.8696119785308838,0.42633827842960287,27.724855195501977,71.33724018974698,0.016332106399981866,0.9974799751805055
3091,003091.png,0.7294957129963899,0.9970653768050541,23.926181754491964,25.969073472165817,24.764450247752837,0.774633526802063,0.8453931212425232,0.4396576037906137,37.090775188643335,117.15659022714861,0.017859375657846975,0.9966677008122744
3094,003094.png,0.8078308325812275,0.9980750789711191,21.92670247760504,22.644063809168117,21.8935845943129,0.7504364252090454,0.768240749835968,0.5205987703068592,61.01770791966569,172.04015379870157,0.024422057812861223,0.9978466268050542
3097,003097.png,0.8120148916967509,0.9931887409747292,22.40861063655375,23.362004524646455,23.057007545334507,0.7660406827926636,0.829741358757019,0.535514440433213,46.328671480200256,124.13309512727085,0.022132422565141252,0.9111222360108303
3100,003100.png,0.7475025383574008,0.9899833596570398,22.189379580830362,23.876222296369832,23.47821702351547,0.7454596161842346,0.7541550993919373,0.44861800541516245,29.664543502236338,59.88614651566891,0.019160278623035716,0.9449303361913357
3103,003103.png,0.35790839350180503,0.9882079196750903,21.709278731977935,28.927944257182613,26.524333776655865,0.8050459623336792,0.7988339066505432,0.05982485333935018,6.00596496936175,10.831239255452118,0.006806383344733977,0.9882079196750903
3106,003106.png,0.7687048736462094,0.9965633461191336,21.78560343244081,22.105703091709938,22.147340310053632,0.7993088364601135,0.8234249949455261,0.4720498646209386,30.26703486570358,76.12572703686796,0.019450252972791897,0.9965633461191336
3109,003109.png,0.7811385943140794,0.9963024593862816,22.72262979030472,23.98888287223677,23.07013770098461,0.7710723876953125,0.8319710493087769,0.5004597247292418,45.057841881400435,136.87440217844016,0.020325547906127985,0.9962982287906137
3112,003112.png,0.8557987364620938,0.9992060582129964,21.304225427775293,21.71716373511245,21.14370571233687,0.7600172162055969,0.7923226952552795,0.6025228452166065,56.22465558027044,149.73855294445227,0.023502581309090432,0.9985263425090253
3115,003115.png,0.817611969765343,0.9905234657039711,21.71621936061749,22.632055898503005,22.41214897293775,0.7503437399864197,0.8389286398887634,0.5393417193140794,42.9967014229061,124.24355939110129,0.021192354183972667,0.8708526060469314
3118,003118.png,0.7287370261732852,0.9902879625451263,21.51303320153894,23.36920330023532,23.12572639713101,0.7405600547790527,0.7740606069564819,0.4066913921480144,27.723129275290642,57.37729438738973,0.017979643449530895,0.9353268840252708
3121,003121.png,0.40595244810469316,0.9862505640794224,21.698645571425846,28.336571591048966,26.77958289727295,0.784428060054779,0.8496372699737549,0.13501523014440434,6.2451463459971155,14.412687620168711,0.0065141475758060795,0.9862505640794224
3124,003124.png,0.7508898352888087,0.9982866087545126,24.224595805270592,25.58692265106027,24.708857613276773,0.8329593539237976,0.8526359796524048,0.4467382107400722,30.657887710921663,81.13423201883418,0.01725463336063684,0.9982866087545126
3127,003127.png,0.7582412003610108,0.9975815094765343,22.020919261107093,23.188505575644665,22.10388864210772,0.7649170756340027,0.800182044506073,0.4795267373646209,50.29918504958263,167.89266513974167,0.0199472853094558,0.9975815094765343
3130,003130.png,0.8150552797833935,0.9984121164259928,19.847470083102678,20.321492631039444,19.516265270161995,0.7490204572677612,0.7647350430488586,0.5655883348375451,57.88893964613946,157.38575937947482,0.024032632070325455,0.9878469088447653
3133,003133.png,0.7777851421480144,0.9882389440433214,21.368158345300714,22.358902860582614,21.980902804594294,0.7443661689758301,0.8129360675811768,0.46013086642599277,40.54618780748955,129.91406517984623,0.020995582978331876,0.832389440433213
3136,003136.png,0.6818831791516246,0.9856512296931408,20.596164118147637,23.25066978248943,22.898140113602643,0.7267593741416931,0.7886164784431458,0.346289767599278,22.45215427794518,41.10015540558621,0.01651684404508929,0.8868245148916968
3139,003139.png,0.3749252594765343,0.986947202166065,20.238579030721958,28.035855132553035,25.5113045175948,0.7408881187438965,0.758021891117096,0.07362787680505416,6.221218693917674,11.408335262018435,0.006823287419761425,0.986947202166065
3142,003142.png,0.7028627030685921,0.9949712319494585,23.90316976913606,26.078646389102758,25.19089142414288,0.8217918872833252,0.840225875377655,0.39219314079422385,28.421474472542155,76.486527904006,0.017013662390879838,0.9949712319494585
3145,003145.png,0.8239635040613719,0.9993442576714802,21.158355419824094,21.66004827545816,20.878369940093467,0.7683537006378174,0.7976336479187012,0.5541770081227437,57.3587429708391,177.7630613911671,0.022373431337604405,0.9993442576714802
3148,003148.png,0.8676303023465703,0.9984854467509026,18.5817341000623,18.836823782158888,18.285913836421965,0.7510958909988403,0.7797741293907166,0.6448866200361011,57.11796334208025,168.94912984330844,0.023228366438480648,0.997427797833935
3151,003151.png,0.7807338673285199,0.9872362928700361,19.434396436276135,20.05409263942155,19.462881349859597,0.7071068286895752,0.7550902962684631,0.472071017599278,43.7237258275553,138.92428639631052,0.02189344473692063,0.8212686146209386
3154,003154.png,0.6587756656137184,0.9636507220216607,19.28171657402305,22.183493340889747,22.76770877718834,0.688672661781311,0.8119423389434814,0.3567294675090253,24.386395135996015,51.59328116090882,0.01746821388380622,0.7234219878158845
3157,003157.png,0.5320453519855596,0.9849348488267148,19.36211648305561,24.596856352496967,23.653603405265727,0.6738241910934448,0.805067241191864,0.2155474390794224,13.45335074237111,30.571283874688238,0.01109099829401138,0.9450445622743683
3160,003160.png,0.6332905573104693,0.994333822202166,21.44548790051524,25.215296790939004,24.10650725640518,0.7465320825576782,0.7876710891723633,0.31419505866425995,18.02639618097806,41.82525685227102,0.013190001617663783,0.994333822202166
3163,003163.png,0.8176979918772563,0.9978127820397112,22.417861342874005,23.305624295469283,22.56550742166697,0.772567093372345,0.7895655035972595,0.5368752820397112,50.37367521754062,149.03584948184903,0.021297015047812937,0.9978127820397112
3166,003166.png,0.8332327391696751,0.9994782265342961,18.475174944701187,18.753212419752362,18.00963309393243,0.7564754486083984,0.7623966336250305,0.5896561935920578,59.135223351937185,181.8163293323447,0.022252526176209188,0.999316053700361
3169,003169.png,0.8152371953971119,0.9963475857400722,21.20733396202159,21.841176485243714,21.389518663565923,0.7074649333953857,0.7375088334083557,0.5440870374548736,43.3105233178124,127.52855466969577,0.021268980477835982,0.8516414711191336
3172,003172.png,0.5312217960288809,0.9479467509025271,19.696996715652883,22.13066834033414,22.081106183150926,0.7463607788085938,0.8181545734405518,0.27552177346570395,20.59346688158192,46.54528549994778,0.020906158445206005,0.4313190997292419
3175,003175.png,0.5546592960288809,0.9578548059566787,18.473614732301996,22.335942693820122,22.29574518360589,0.6822977066040039,0.8038044571876526,0.2868132333032491,16.902811192952594,37.335302045690625,0.01497477611626493,0.6095893501805054
3178,003178.png,0.5401836078519856,0.9964082242779784,19.818913285212552,24.92339739444163,23.91022442602864,0.6742922067642212,0.8337662220001221,0.22087798962093863,12.823152031000337,25.211600481783286,0.010435510609755422,0.9964082242779784
3181,003181.png,0.8029120600180505,0.9991454196750903,23.02493164019821,23.833057705501165,23.042941255178185,0.7743497490882874,0.8042377829551697,0.5037243343862816,48.221294457546996,150.8693848225822,0.02047666563509627,0.9991440094765343
3184,003184.png,0.892805166967509,0.9998096231949458,18.245069125574787,18.421931718977834,17.962456382031537,0.7450433373451233,0.7717775106430054,0.6830945397111914,63.16850006981928,198.33505701532044,0.02334609636977705,0.9997927008122743
3187,003187.png,0.8157829422382672,0.9969426895306859,19.692708061077607,20.17477122027898,19.432199767626223,0.6917451620101929,0.725624144077301,0.556410762635379,44.954262112304875,120.0439450238868,0.020987831748753856,0.9460852888086643
3190,003190.png,0.6429109318592058,0.9495854016245487,19.031156083848476,19.942021235831124,19.841615999454895,0.7510752081871033,0.7651164531707764,0.4130344652527076,31.681973939561956,79.48982441523634,0.03561699337522866,0.3814939643501805
3193,003193.png,0.5839223262635379,0.9629992102888086,21.05572408174483,22.022733521952212,21.506917116634057,0.7848747372627258,0.7941527366638184,0.3362138989169675,24.71055614396938,57.49996841953874,0.030169442468488687,0.37946327842960287
3196,003196.png,0.6678799074909747,0.9891414711191335,17.790859234959942,20.00919935211853,19.09193545805922,0.6359683871269226,0.723948061466217,0.39685666741877257,28.209524458568566,69.64522797340511,0.01935760174002629,0.7863210740072202
3199,003199.png,0.729915952166065,0.9975420239169676,22.433423099096515,24.793412509143593,23.824420804922788,0.7554677128791809,0.8241094350814819,0.4017810807761733,39.98471112292314,124.07822519442267,0.019316793138076476,0.9975420239169676
3202,003202.png,0.84133997066787,0.9992469539711192,19.174747060999955,19.526383832967493,18.81387876673394,0.7506236433982849,0.7810204029083252,0.5833779896209387,66.84387357356763,202.89068241060394,0.02402903493443183,0.9992469539711192
3205,003205.png,0.8185976985559567,0.9984431407942238,18.761732439466595,19.12232624000846,18.334745986536916,0.727260947227478,0.7564167976379395,0.5461670803249098,46.55374172335089,143.58696144829744,0.020699017863016877,0.9984431407942238
3208,003208.png,0.7513509702166065,0.9915021435018051,19.296369054780104,19.642013939894973,19.40869643199531,0.7424068450927734,0.7208605408668518,0.4952546818592058,36.21928736039709,86.18824673687955,0.03186640760051038,0.4852507333032491
3211,003211.png,0.5336741313176895,0.9696793208483755,20.713276266093686,21.826179901419582,21.771991034773524,0.7818036675453186,0.7892371416091919,0.25935102662454873,24.803377593689213,62.6327250294514,0.03166995722477065,0.39221429377256317
3214,003214.png,0.7078153203971119,0.9904360333935018,18.95225563311174,20.663400154444997,19.86269144551273,0.7124882936477661,0.750639021396637,0.420930166967509,28.873584416803183,68.2839867566715,0.020220038474435133,0.6912356159747293
3217,003217.png,0.7619331001805054,0.9977690658844766,21.942601191239334,23.957508196421045,23.10004337933298,0.7340040802955627,0.8285456299781799,0.46875705099277976,38.15181799422787,117.36910436615325,0.01891437271616737,0.9977690658844766
3220,003220.png,0.8792573894404332,0.9992934905234657,19.338770592262897,19.608662169126266,19.09654584583306,0.7424008250236511,0.7854386568069458,0.6277061710288808,67.10231211262519,198.90870984121054,0.024533230776411234,0.9992892599277978
3223,003223.png,0.819892260830325,0.9990283731949459,18.480584660975563,18.75212378391469,17.977515545569386,0.7352445721626282,0.7566395401954651,0.5439812725631769,47.46462393655838,152.7776375322094,0.02074759052147028,0.9990283731949459
3226,003226.png,0.7227662454873646,0.9780869246389892,18.50652357702646,18.947357779645362,18.721208660294177,0.7055622339248657,0.7138389348983765,0.4658971683212996,37.41104393146671,84.48705663246021,0.027423298768357092,0.5611715929602888
3229,003229.png,0.5479270081227436,0.9729636732851985,19.415783408013034,20.513505392222502,20.663275282726904,0.7625765204429626,0.7988939881324768,0.27163526624548734,27.82177665293803,67.72436972973404,0.032745563237638414,0.3588334837545126
3232,003232.png,0.7510886732851986,0.9852338109205776,19.210087569913792,20.430372785679403,19.871904915692426,0.7151403427124023,0.7411794662475586,0.4823471344765343,33.2023718506799,72.24909401971456,0.023576175689416834,0.6381966380866426
3235,003235.png,0.7615326037906137,0.99772252933213,22.184870085808356,24.371229786084484,23.623024492731233,0.7264286279678345,0.8264804482460022,0.4835965703971119,36.7764298485523,108.10270737955223,0.018627771327441933,0.99772252933213
3238,003238.png,0.841403429602888,0.9994119472021661,18.638585623579594,18.957519151019767,18.259626629864396,0.7358296513557434,0.7686746716499329,0.558626184566787,66.75465396354153,194.3966663636855,0.024801367745641463,0.9994034860108303
3241,003241.png,0.7939840929602888,0.9979763650722022,19.218579591812027,19.700907888968523,18.790088726145477,0.7425001263618469,0.7624751329421997,0.4916629061371841,43.78064958279461,144.0113660188224,0.018828811569997248,0.9979763650722022
3244,003244.png,0.7236899255415162,0.9809693704873647,18.749625536164928,19.552996286067344,19.00876362823925,0.6962041258811951,0.7261872887611389,0.45933410424187726,29.726202722475946,74.24240737601589,0.020905598993550083,0.6360841606498195
3247,003247.png,0.5369415613718411,0.9719511507220217,17.93138184717609,18.78373187744136,18.007060820622538,0.7269219756126404,0.7305883765220642,0.24824289259927798,26.380830216160746,62.527209185362224,0.02980652324217133,0.42600688176895307
3250,003250.png,0.7651271999097473,0.9918222585740072,19.38051481463682,20.3714612532018,19.766085192077764,0.724273681640625,0.7386025190353394,0.5011126466606498,34.72384372519776,76.39988672842708,0.024879808112329666,0.6467565433212996
3253,003253.png,0.7973220329422382,0.9984163470216606,21.79211874010546,23.22313060192357,22.5157482538425,0.7206200361251831,0.795479953289032,0.5334992666967509,41.26672146915877,116.1243201774948,0.020019496897787852,0.9984163470216606
3256,003256.png,0.861557987364621,0.9995727098375451,18.879922817730638,19.206819603358916,18.609601799970786,0.7310629487037659,0.76172935962677,0.6158407603790613,66.61848026974789,204.7415949353247,0.02425435267913501,0.9995628384476535
3259,003259.png,0.7481216155234657,0.9990185018050541,21.61031290218061,22.59567492542603,21.611916267983315,0.717452347278595,0.7532396912574768,0.3976266358303249,41.73656172009983,123.05599155361169,0.018785686163935097,0.9990185018050541
3262,003262.png,0.7073471344765343,0.9846880640794223,18.86315357666945,20.272321064312585,19.58461034634257,0.6688862442970276,0.7502044439315796,0.4402470667870036,29.65152796255235,82.09207859964353,0.019324009943442667,0.7154994923285198
3265,003265.png,0.6081904332129964,0.9690940884476534,17.193846609821378,18.443510531529665,17.93217521470121,0.6954782009124756,0.7225409150123596,0.34911016471119133,26.214354477166204,63.17925141122963,0.029485221488859483,0.4013735333935018
3268,003268.png,0.7529529557761733,0.9900031024368231,19.518235910556502,20.435305190420983,19.962403761825943,0.7401506304740906,0.7567148208618164,0.4873011620036101,34.24901470052241,74.53392730837227,0.02231126916799274,0.5803672157039711
3271,003271.png,0.7833892712093863,0.9957397901624548,21.27108466907375,23.221005505953105,22.59300888837414,0.7226184010505676,0.7864953875541687,0.5223093411552346,42.2628236499337,116.57612830560858,0.019339262890649158,0.9883700925090253
3274,003274.png,0.8197723939530686,0.9983500676895307,20.060666184242947,20.881694541640886,20.12441129233264,0.7203179597854614,0.7589055299758911,0.5590633461191336,61.146510872175966,191.82973359286356,0.022188730194669198,0.9980962319494585
3277,003277.png,0.7201432761732852,0.998633517599278,22.83344318035344,24.29771706339349,23.36698269782865,0.7334774732589722,0.7448197603225708,0.37149565658844763,31.757174670373978,79.99384783574678,0.015313428546102945,0.998633517599278
3280,003280.png,0.6056873307761733,0.9815405009025271,18.555943809415595,21.15422391061296,20.595396296310152,0.651049017906189,0.7848498225212097,0.30744866877256316,23.153681886238868,59.97337592326866,0.016537495020400098,0.9324373871841155
3283,003283.png,0.6196257333032491,0.9775863041516245,18.15605516200347,19.680739220895596,19.179675618626764,0.692583441734314,0.7371146082878113,0.31944240749097474,25.081299539537156,63.497721176618796,0.02211583874832893,0.5671875
3286,003286.png,0.7125719201263538,0.9806563064079422,18.790706216369536,19.925287536749824,20.00852007900223,0.7323688864707947,0.7626029849052429,0.4256317689530686,25.693106398781513,61.03213287171486,0.019263639267751587,0.5620050203068592
3289,003289.png,0.8024890004512636,0.9973051105595668,21.010886214374832,22.17211455120568,21.541048072058988,0.7373055815696716,0.7964779734611511,0.5347106272563177,42.916290181136404,123.63474002114029,0.019473291723419453,0.9326771209386282
3292,003292.png,0.8499760266245487,0.9994359205776173,19.107752051841913,19.68821357391434,19.13987761630596,0.6918773055076599,0.7235863208770752,0.600552797833935,60.77217346382831,181.9104346233558,0.022323690359726367,0.9991002933212997
3295,003295.png,0.7805040049638989,0.9981413583032491,20.075408462599277,21.88270756799153,21.503423297018877,0.6514293551445007,0.7102604508399963,0.4408647337545126,40.72469060604049,105.36309751158628,0.017274370493852418,0.9978466268050542
3298,003298.png,0.5141485221119133,0.9928136281588448,21.84274901119319,25.588448898401563,23.918994946570827,0.7686120271682739,0.8545336723327637,0.24534211416967508,12.138954069747625,31.71900255647423,0.010477395621162953,0.9928136281588448
3301,003301.png,0.5888876353790614,0.9898592621841156,19.33723802763537,22.99795101027286,21.964637468320074,0.671134889125824,0.826250433921814,0.30076714801444043,15.001912850419973,26.417188770443822,0.011719792326709005,0.9819818930505415
3304,003304.png,0.6510026511732852,0.9760153429602888,17.868818193111377,20.280400963178984,20.57252513624405,0.6487404704093933,0.7983964085578918,0.35050203068592056,22.75057012933372,52.485396762180386,0.016611119630643812,0.7203985221119134
3307,003307.png,0.7688078181407942,0.994108190433213,19.161046998324036,20.33793639004763,19.759319418852392,0.7110272645950317,0.7771355509757996,0.4467833370938628,37.39060821353927,123.10558576932199,0.01815005325034615,0.8413935582129964
3310,003310.png,0.8192872856498195,0.9986490297833935,18.926473633029506,19.927242826682384,19.384836888736707,0.7290158271789551,0.7686619758605957,0.5904797495487365,58.4551232717316,183.2436263903488,0.02206097513931114,0.998633517599278
3313,003313.png,0.7881909972924188,0.9979030347472925,18.91725415423491,20.305122180079252,19.848151965976378,0.6470447182655334,0.6882091760635376,0.5064897337545127,50.899397092189076,156.53456996028706,0.019435656814325002,0.9975815094765343
3316,003316.png,0.6049751805054152,0.9963786101083032,23.110725357032283,26.105858112018815,25.944468755786517,0.8100547790527344,0.848695695400238,0.28801895306859204,13.484513524836105,27.988729022957887,0.010641723996638224,0.9963786101083032
3319,003319.png,0.4548017260830325,0.9944381768953069,23.967678045402515,30.609419520478625,29.46800192237562,0.8118090033531189,0.9243214726448059,0.15403034747292418,7.8475231715203035,13.34740870623898,0.007537021955918585,0.9944381768953069
3322,003322.png,0.6337122066787003,0.9850603564981949,19.276577777297263,22.20048419319717,21.417007010326046,0.6566866636276245,0.7656109929084778,0.3054913131768953,22.390463274059584,45.43165290189199,0.015008942048699299,0.8952659634476534
3325,003325.png,0.7431760491877256,0.9890723713898917,20.588184472455907,22.048898597134627,21.823496378562368,0.695212185382843,0.7880045771598816,0.3827377594765343,35.10697834295327,109.62272204165687,0.018842830014249603,0.8082073555956679
3328,003328.png,0.8655403880866426,0.9991722134476534,18.273729139305313,18.70089710157844,18.237178027208238,0.7157260179519653,0.7733321785926819,0.6652188628158845,51.232518358458144,142.28361824493857,0.02130082309320988,0.9991665726534296
3331,003331.png,0.7966860333935019,0.9989028655234657,20.83453011558246,21.92050968005909,21.166398767822763,0.6958461999893188,0.7500782012939453,0.5196835514440433,50.250371830962024,163.60752974675938,0.019247489498489364,0.9983966042418773
3334,003334.png,0.7328125,0.999090421931408,22.946607382534424,23.79194170185661,23.052158937138355,0.77016282081604,0.7644965648651123,0.43994246389891695,29.12790147852783,73.76451382932296,0.016466315059443314,0.999090421931408
3337,003337.png,0.46560666741877255,0.9956692802346571,23.827579392730417,28.829793430215457,27.329991655934304,0.8042402267456055,0.8905101418495178,0.1839096344765343,7.952423981904936,19.00847016452941,0.007357393434579971,0.9956692802346571
3340,003340.png,0.7052346570397112,0.9918687951263538,20.762686479083325,23.321457201449828,22.682099801796237,0.6989456415176392,0.7783138155937195,0.3228353452166065,25.46312666397262,49.05543518947994,0.01500141506899588,0.949187725631769
3343,003343.png,0.7415007333032491,0.9899340027075813,18.997354957263024,20.968263766223085,21.138656443243775,0.6755506992340088,0.7887962460517883,0.3971387071299639,34.257913708173405,104.81624725363812,0.017076607788858444,0.8430942576714802
3346,003346.png,0.8473770306859206,0.9988069720216607,20.20895325493658,20.772174305378922,20.27839348636042,0.7208280563354492,0.7672339677810669,0.6265342960288809,53.69108706517534,148.8570202868163,0.022250495994794735,0.9988069720216607
3349,003349.png,0.7813656362815884,0.9987787680505416,19.633665709411442,21.050511220229275,20.567670029307045,0.6815391778945923,0.7530989050865173,0.5060342396209386,48.967883071437335,158.6576819597461,0.019821593965050576,0.998210458032491
3352,003352.png,0.7191885717509026,0.9966098826714801,21.076533896030703,22.920309557615806,22.731671656592756,0.7374957799911499,0.7678554058074951,0.41060328294223825,29.075450393085752,77.56224932888476,0.016122807558582614,0.9966098826714801
3355,003355.png,0.4223981836642599,0.9961022111913357,23.741342016565525,29.470931354575338,29.205936376837155,0.8017935752868652,0.9169943332672119,0.12296085288808664,6.780185911919768,12.968693204689524,0.006766780773845332,0.9961022111913357
3358,003358.png,0.703708822202166,0.9949275157942238,20.685724501888462,23.22341988903306,22.802352574351993,0.7203866243362427,0.7861999273300171,0.3306182310469314,24.360285990802936,49.82507601472242,0.014546104529034938,0.9850011281588448
3361,003361.png,0.799671423736462,0.9916657265342961,19.048805426356747,20.196437798193678,20.04394265483372,0.6612944006919861,0.7791856527328491,0.47439643501805057,38.220365611683945,101.48031050549065,0.018617109392551696,0.8670746841155235
3364,003364.png,0.8580917193140795,0.999122856498195,19.901360244419216,20.243298661645063,19.786079806870028,0.7405104041099548,0.7949734330177307,0.6354100857400722,54.50229924967395,158.03119460093157,0.022290906289989327,0.9991143953068592
3367,003367.png,0.7977450925090253,0.9990058100180506,21.045721401570923,22.094518181447427,21.256770967493253,0.7090402245521545,0.7662467956542969,0.541342791064982,49.94663414234751,157.38930343904224,0.021536555758989506,0.9989747856498195
3370,003370.png,0.7287511281588448,0.9946482964801444,22.240637928137943,24.55680349215665,24.01991374740557,0.7420408129692078,0.7870931029319763,0.42175936371841155,30.15773863112748,78.18230691027722,0.01674256034195384,0.9946482964801444
3373,003373.png,0.4969751240974729,0.9950431520758123,23.652617115007622,27.551416351708042,26.658011460977747,0.7906274199485779,0.8724303841590881,0.2115692689530686,9.88621537545794,23.273442596497063,0.008684262455356648,0.9950431520758123
3376,003376.png,0.7498829535198556,0.9969003835740072,22.01222700059421,23.92490141063159,23.256643724834483,0.7326321601867676,0.7757449746131897,0.38906391019855596,28.263648621182234,58.563918985769824,0.01558983394437103,0.9852239395306859
3379,003379.png,0.7900919449458483,0.9893036439530686,19.388097956721275,20.593028270264693,20.14590317240536,0.6887129545211792,0.7639940977096558,0.5064685807761733,42.36483718617154,108.40869682983028,0.020001580685883688,0.8847204986462094
3382,003382.png,0.8019996615523466,0.9989042757220217,21.44585859586298,22.334137130404123,21.869975360707528,0.7450277209281921,0.8018571734428406,0.5343355144404333,55.17073315356269,160.4688872999306,0.02234691783760372,0.9988577391696751
3385,003385.png,0.7485601872743682,0.9984628835740073,20.41594114180515,21.90967747753833,20.86807003897052,0.712453305721283,0.7832655310630798,0.4870374548736462,41.31641904460587,134.54899376794492,0.018994252844042953,0.9984219878158844
3388,003388.png,0.7005006204873646,0.9937697427797834,21.148293225348244,24.145768059691584,23.35054055364802,0.7296128273010254,0.7936134338378906,0.37969596119133575,25.607197084725172,66.23044192493505,0.015206039750833922,0.9937697427797834
3391,003391.png,0.4389581453068592,0.9942943366425993,23.730437971052982,27.708121365430507,27.179887009616344,0.7967469692230225,0.898149311542511,0.13822484205776173,7.864119227201682,14.05031392406766,0.007758361716550869,0.9942943366425993
3394,003394.png,0.7405319268953069,0.9970005076714802,19.99107941483613,22.288357867771357,22.463756503622967,0.7102522253990173,0.7758828401565552,0.3912779219314079,27.33478822409985,56.363270356947,0.014884384414205412,0.9870515568592058
3397,003397.png,0.8174187725631769,0.9935441110108303,18.924301505273025,19.979112299974947,19.83661344571616,0.6597480773925781,0.7428563237190247,0.5201686597472924,50.626835118994116,131.91528657905675,0.021575402641595378,0.9100377933212996
3400,003400.png,0.8524622066787003,0.9990636281588448,20.87287200438251,21.19524049726914,20.705999421403792,0.7684928178787231,0.8255848288536072,0.6229622630866426,52.83245743679216,154.81543634595116,0.022408400771771392,0.9990086304151624
3403,003403.png,0.772137296931408,0.9976816335740072,19.271523715102646,20.300995516144287,19.32850721143247,0.677497386932373,0.7558935284614563,0.5260167531588448,39.76757348139394,128.52558218443036,0.019840784340263453,0.99765625
3406,003406.png,0.6896533731949458,0.9914471457581228,21.266064660274733,25.18769799540337,24.997260241410046,0.7329074144363403,0.8327040076255798,0.3589392486462094,24.960725690024255,62.67196583859898,0.015311601070492098,0.9914471457581228
3409,003409.png,0.4935144968411552,0.9945425315884476,23.36333978608682,27.459694210074087,26.455382015808546,0.7779978513717651,0.8788757920265198,0.21062725631768953,10.218651542006382,26.00814411755595,0.008955257625721138,0.9945425315884476
3412,003412.png,0.79264440433213,0.9975095893501805,21.660539416625937,22.78610513142318,22.54449966741221,0.7294398546218872,0.7696233987808228,0.45561259025270756,31.829606556532642,64.19576169617885,0.01659021007186531,0.9855962319494584
3415,003415.png,0.8056252820397112,0.9950558438628159,20.46731661766993,21.440699071580976,20.912636730505806,0.7091121077537537,0.753624677658081,0.5083568366425992,55.03122080289468,148.40637685413952,0.022097509091050214,0.9252326827617329
3418,003418.png,0.8231653316787003,0.9988662003610108,19.59462358537364,20.133939914317263,19.714763802345495,0.7266032099723816,0.7752830386161804,0.583236969765343,52.31833814286282,156.81973778287903,0.02243843923365706,0.9988662003610108
3421,003421.png,0.7227182987364621,0.9969596119133574,20.09690883279233,21.862005090496407,20.619847566092623,0.695218026638031,0.7827870845794678,0.4061400045126354,32.08708512034765,103.5895861902301,0.017741078195085618,0.9969426895306859
3424,003424.png,0.5877242215703972,0.9881331791516246,20.818818078568555,27.359668352607706,25.94304615442416,0.7130433320999146,0.845177412033081,0.22591380866425992,18.507390413940254,44.812106478919446,0.012688729198466824,0.9881331791516246
3427,003427.png,0.42087939981949457,0.9952589124548736,22.391085169491877,27.009122287148443,27.133266977251978,0.7807518243789673,0.9019135236740112,0.1189290952166065,7.324303798185781,13.314246088872896,0.007413298649984267,0.9952589124548736
3430,003430.png,0.7475067689530686,0.9981709724729242,21.02853078693488,22.613009477100544,23.028387061130886,0.7398340106010437,0.7731584906578064,0.42887804602888085,29.988987850572123,64.05097538144058,0.015536782225055619,0.9932211755415162
3433,003433.png,0.8175865861913357,0.9958074796931408,19.77802940489117,20.84282565063623,20.631002349454764,0.6898097395896912,0.7483574748039246,0.5280164147111913,55.735596761870156,151.6536842227568,0.021690415987903534,0.9394559453971119
3436,003436.png,0.8667291854693141,0.9991355482851986,21.10027796563784,21.468677963124602,21.07831936904512,0.7500927448272705,0.7926625609397888,0.6499492328519856,50.88070696975858,151.80991254488833,0.02226337799218237,0.9990297833935018
3439,003439.png,0.6233669900722022,0.9960740072202167,21.688537471630525,26.823703711390202,25.416735968201337,0.6873185038566589,0.8285953402519226,0.22650468185920578,22.73501196660693,67.80846942222695,0.013310489120812013,0.9946074007220217
3442,003442.png,0.5504188289711192,0.979134702166065,19.169293583530866,23.847555233732063,23.53788761174357,0.6089131832122803,0.8276602625846863,0.2115918321299639,14.377861922193883,23.91642600347904,0.010147420344351118,0.975389214801444
3445,003445.png,0.5055152865523466,0.9854834160649819,22.01076862725394,24.95779344088365,25.264365855560364,0.7460845708847046,0.8752985000610352,0.2014355821299639,13.272686296351587,34.87270429392492,0.010656528786669301,0.982389440433213
3448,003448.png,0.7786510040613719,0.999510661101083,21.689613709193978,22.75529317106999,22.46767631949233,0.7426015734672546,0.76624596118927,0.46804913131768955,31.645055148174116,71.11357052510878,0.016891962907518755,0.999445791967509
3451,003451.png,0.8313275609205776,0.9968185920577617,19.362387833586713,20.326541797195116,20.063571894186772,0.6630139946937561,0.7195599675178528,0.5353254738267148,55.85510520902639,147.63237048438583,0.02100918790018857,0.9474461304151625
3454,003454.png,0.8054870825812275,0.9976336868231047,20.05355413095911,20.674170054656802,19.868391166241416,0.7373613119125366,0.7722846865653992,0.5570467621841155,50.810598381941524,157.13811348991123,0.021526782982549755,0.9975617666967509
3457,003457.png,0.6748843637184115,0.9980214914259928,22.803379822306226,26.501015514254064,25.83227736681517,0.7675871849060059,0.8574098348617554,0.2710091380866426,21.154619435812865,37.76638902564593,0.011216322858908659,0.9979594426895307
3460,003460.png,0.418001184566787,0.9808297608303249,16.997045020023357,26.044552624200364,24.467816038398094,0.5817260146141052,0.8722438216209412,0.11181887409747292,7.13993438059828,12.187282986972741,0.006632631058586731,0.9808297608303249
3463,003463.png,0.49278119359205774,0.9678587545126354,18.302124816733226,22.933088692169385,23.461215419559544,0.6414846777915955,0.8386356830596924,0.15798595442238267,11.462418983748508,17.24268864217779,0.009332638575485714,0.9647478564981949
3466,003466.png,0.6210838786101083,0.9972783167870036,23.757957860853985,26.92124695217979,25.73602431830615,0.7913638949394226,0.8407241106033325,0.3008362477436823,17.799613965129595,40.449034748803335,0.012493782867894281,0.9972783167870036
3469,003469.png,0.8321412454873646,0.9980553361913357,20.4799268036476,21.157008433796,20.736979059682177,0.6743895411491394,0.7133211493492126,0.5145701714801444,48.903381965466764,114.52327074674142,0.020582615576582693,0.970344934566787
3472,003472.png,0.8646829873646209,0.9985841606498195,20.214592154323093,20.460607865646843,19.98289247130617,0.7639186978340149,0.7913693785667419,0.6479679038808664,64.179462875654,195.59587305429486,0.024877564951087828,0.9759885491877256
3475,003475.png,0.756998815433213,0.9984205776173285,24.147637056515507,25.44735256398875,24.6181633815179,0.7922048568725586,0.868289053440094,0.4306548962093863,36.78055384876158,97.13990305671447,0.016132687211939944,0.9983571186823105
3478,003478.png,0.48854354693140795,0.9936146209386282,20.71865254554122,34.0846538704482,34.597399290306946,0.793021559715271,0.9733628034591675,0.14804264440433212,6.891592581238499,9.238829577752542,0.006814121399547775,0.9936146209386282
3481,003481.png,0.4426472247292419,0.9914344539711192,18.898901012960955,28.09756106985434,26.447909189333757,0.7095247507095337,0.8605459928512573,0.12436259025270759,6.442262668445591,11.620663596792857,0.006561485506054191,0.9914344539711192
3484,003484.png,0.5829450586642599,0.9809186033393502,20.632802035892418,23.941622007041442,24.994154284310408,0.6763922572135925,0.869649350643158,0.23150101534296028,15.933898544296142,26.515029330553862,0.011123237783616395,0.9792023916967509
3487,003487.png,0.7178686259025271,0.9981808438628159,23.528175064362333,25.272615570131435,24.353834219056154,0.7481528520584106,0.791394054889679,0.3700290500902527,28.896232146136793,66.9887780296044,0.014896141642576062,0.9981808438628159
3490,003490.png,0.8754710063176895,0.9972148578519856,18.317519503396426,18.6841895512684,18.224872165646737,0.7262090444564819,0.7511550784111023,0.668812048736462,69.45796713822685,215.68570523232603,0.025274515944091244,0.9532702504512636
3493,003493.png,0.7186484657039711,0.9975871502707582,22.291199000838727,23.759994014280537,22.58032080573804,0.778640866279602,0.8404070734977722,0.4273592621841155,37.42823578308092,112.09600569258112,0.016779385152180835,0.9975448443140794
3496,003496.png,0.6268572314981949,0.997688684566787,24.521422191322735,31.3401525250711,29.93534386670636,0.863922655582428,0.9311457276344299,0.29623476985559566,14.39505513222263,22.232141158379026,0.011585890971784822,0.997688684566787
3499,003499.png,0.32733810920577616,0.99655065433213,20.83608272831953,40.54336658305299,40.52998011903179,0.7799665331840515,0.9864227175712585,0.045391471119133574,3.8895516178605702,7.206622754058548,0.0048151870121072434,0.99655065433213
3502,003502.png,0.6566208822202166,0.9868090027075812,20.560521089713838,23.017524199420556,23.570149221889384,0.6981682181358337,0.8297426700592041,0.3182719426895307,18.86980733872756,25.834834505114735,0.01359543073863846,0.985580719765343
3505,003505.png,0.7559425767148015,0.9983289147111913,21.075757629555767,22.02785955260137,21.035517355238174,0.7170276641845703,0.780599057674408,0.42686710288808666,40.08957602039735,114.17681051700471,0.01971335585521391,0.9983289147111913
3508,003508.png,0.899447202166065,0.9966535988267148,18.28464575986967,18.555538622913875,18.19783842569681,0.7340073585510254,0.7680697441101074,0.699835006768953,71.35831879197613,215.64948058582195,0.026339284787027174,0.9520053023465704
3511,003511.png,0.7444254851083032,0.9984628835740073,23.106618215867517,24.270161476830094,23.302604798384547,0.7961506843566895,0.861676037311554,0.45230990523465703,38.00307475887082,114.40683185374952,0.017561269662472078,0.9984530121841155
3514,003514.png,0.6813205099277978,0.9971161439530686,25.45367388440284,29.021383151882457,27.86169791077206,0.8709688186645508,0.8942741751670837,0.3496460401624549,20.799734669227576,43.55879975468307,0.013796027928774218,0.997069607400722
3517,003517.png,0.3185807761732852,0.9913484318592057,21.53838602325095,43.88999993343802,45.141975156245124,0.8012716174125671,0.9912493824958801,0.029160085740072204,2.3343641756225235,5.5249835876579745,0.002878045513781853,0.9913484318592057
3520,003520.png,0.704787624097473,0.9901765568592058,22.94724595417001,24.93954679830712,25.839117895420873,0.7722973823547363,0.8789587020874023,0.3364395306859206,19.879473057948985,27.090643844849772,0.013112465307194364,0.9824839237364621
3523,003523.png,0.7616031137184116,0.9972360108303249,19.202522912110705,19.99217018252542,18.953773557772866,0.7087417244911194,0.7482134103775024,0.4659112703068592,41.375930663204926,131.9057124228584,0.019097667632294143,0.9972317802346571
3526,003526.png,0.8537976647111913,0.9959682423285199,19.025931248291567,19.4607545376054,18.907679592640484,0.7494398951530457,0.779262900352478,0.6090379625451263,68.53374586613329,193.95805493319264,0.024551588502954223,0.9496291177797834
3529,003529.png,0.7231935356498195,0.9931351534296029,23.895308753661396,26.82179315354551,25.963043422142327,0.7893992066383362,0.8738709688186646,0.43639158393501803,34.56120110415021,116.5870070714424,0.015872523768309676,0.9931351534296029
3532,003532.png,0.6877989620938628,0.9952575022563177,24.05612324710901,26.098054273829266,24.9190712349945,0.8313626050949097,0.8390126824378967,0.3406433325812274,22.693894005951545,50.50430986846353,0.01407392805309984,0.9951771209386282
3535,003535.png,0.3260252143501805,0.994628553700361,22.774608337804708,31.991102140504633,27.745112158458994,0.8383564352989197,0.7722025513648987,0.037320904783393505,3.536353466768558,7.112311279455682,0.003849369069269108,0.994628553700361
3538,003538.png,0.644858416064982,0.9888495600180506,23.44023643302134,27.707546939347004,27.698174790553463,0.8044495582580566,0.900897204875946,0.2974165162454874,17.551552235293446,24.81095850039407,0.011021807601446,0.9827194268953069
3541,003541.png,0.7247221908844765,0.9932000225631769,20.427325342457753,21.270516427596483,20.438173905021905,0.6984014511108398,0.7462563514709473,0.38496587319494585,40.01367902946668,140.61104166199138,0.016966049685694574,0.9924667193140794
3544,003544.png,0.8863365861913357,0.9968341042418772,18.214238363963304,18.458845138031673,18.061541405558508,0.7319862842559814,0.7700597047805786,0.6757389440433214,76.88155370345916,209.54077750049248,0.03228402834821347,0.9504047269855596
3547,003547.png,0.7152921931407942,0.9967043659747292,23.768935162278627,25.594038977590085,24.618764930927092,0.7849132418632507,0.8529718518257141,0.39481187951263536,36.57554864788768,133.10765187026593,0.017925846239492504,0.9967043659747292
3550,003550.png,0.6784239620938628,0.9953674977436823,23.888337180437297,26.00265246491757,24.713390833466548,0.8188467621803284,0.825369119644165,0.3204380076714801,23.858225333633722,57.67181028084085,0.014477481754198763,0.9953026286101083
3553,003553.png,0.38540162454873644,0.9902964237364621,21.345917913751755,25.71370668777466,21.952760644478357,0.8199874758720398,0.6209107637405396,0.0729523916967509,3.0946999525802457,11.359835468831971,0.0033085469826031216,0.9902964237364621
3556,003556.png,0.6959400383574007,0.9934651398916967,25.38126982887181,27.99779588613774,28.976417070978925,0.819973886013031,0.9052953720092773,0.31354354693140796,18.82128977592333,26.216555164932224,0.010749094453066939,0.9902625789711191
3559,003559.png,0.7345780685920578,0.9935271886281588,20.625082262005247,21.50529512685098,20.587637087325618,0.7110350131988525,0.7415350675582886,0.3872250112815884,41.598589479036036,138.41224959920373,0.01739684085090975,0.9929729805956679
3562,003562.png,0.8594271773465704,0.9953717283393502,16.933624226927954,17.164954265863965,16.594432017297358,0.7256391644477844,0.7482122778892517,0.6209358077617328,67.58781434438654,229.52584924814943,0.024324993980980116,0.9490467057761733
3565,003565.png,0.6831481272563177,0.9939220442238267,22.829272986565194,24.78246313014047,23.54524554757104,0.7711830139160156,0.8066001534461975,0.3363083822202166,41.12743101075104,164.25369087139958,0.01901405175748239,0.9907166629061371
3568,003568.png,0.6416248307761733,0.9940038357400722,23.80289514990034,26.444594979464075,25.160824934737672,0.7826390266418457,0.7929693460464478,0.28205804377256316,26.720421869812824,66.56314489394654,0.016558520917655865,0.9939953745487364
3571,003571.png,0.42005443366425993,0.9878201150722021,22.269161501814022,28.21932190009367,25.06987941128033,0.8089281916618347,0.6958850622177124,0.08596852436823105,5.997614503135694,13.948963912061288,0.005687240941553614,0.9878201150722021
3574,003574.png,0.666276511732852,0.9951757107400722,23.879927235477947,26.459521050649002,25.15016989533972,0.8417708277702332,0.8699134588241577,0.2961064417870036,14.969462857013252,21.27458747357911,0.01013990218567812,0.9948048285198556
3577,003577.png,0.7569776624548736,0.9963856611010831,22.09220319479655,22.754268462914165,21.9889730114338,0.7218844294548035,0.7569911479949951,0.40179518276173287,39.906932055082045,124.34517524118354,0.015950075984888124,0.9943733077617328
3580,003580.png,0.8919336642599278,0.997006148465704,17.127388714393696,17.278687028468774,16.87081361704939,0.7263213992118835,0.751327395439148,0.6666135491877256,73.48676664215222,245.19428277795575,0.02954246862080026,0.9510830324909747
3583,003583.png,0.7765159634476534,0.9969187161552346,23.426279379061235,24.15116917077988,23.465191108199154,0.7916411757469177,0.7899996638298035,0.41407660198555957,50.381486781434745,182.45972182620108,0.021290318659084206,0.9756176669675091
3586,003586.png,0.34426613267148015,0.9900792531588448,22.735652692879743,29.70416491807198,26.268618629784577,0.7504703998565674,0.6914283037185669,0.046329253158844765,11.723349736855225,45.86904372039954,0.008313828385720066,0.9900792531588448
3589,003589.png,0.4699416177797834,0.9933678361913357,23.145118866994974,26.810666651386434,24.236148177837336,0.7707903981208801,0.6974182724952698,0.13680900270758123,27.019323781226166,72.6157241172468,0.017749943664252605,0.9933678361913357
3592,003592.png,0.4875620487364621,0.9887649481046932,22.580189657338373,27.522285641387562,25.166479898287868,0.7749555706977844,0.7900955677032471,0.09264017373646209,8.277049374387621,14.087978602558618,0.005974238139955774,0.9887649481046932
3595,003595.png,0.7571525270758123,0.994854185469314,22.810215818093905,23.948599892634018,23.239548037173506,0.7439635992050171,0.7606208324432373,0.3505175428700361,34.280908750191664,102.18640048799566,0.014977927686492545,0.9933382220216607
3598,003598.png,0.8494373307761733,0.9950910988267148,17.905415534974413,18.172300700661516,17.55034584617466,0.740409255027771,0.7481900453567505,0.6034592170577617,60.61591199705207,187.12403048659039,0.02142263004414808,0.9605694381768953
